abbreviation,countryOfBirthCountryId,dateOfBirth,dateOfDeath,firstName,fullName,gender,id,lastName,name,nationalityCountryId,permanentNumber,placeOfBirth,secondNationalityCountryId
DOC,united-states-of-america,1920-10-08,2010-07-07,Frank,Frank J. Dochnal,MALE,frank-dochnal,Dochnal,Frank Dochnal,united-states-of-america,,St. Louis,
VUK,united-states-of-america,1918-12-13,1955-05-30,Bill,William John Vukovich,MALE,bill-vukovich,Vukovich,Bill Vukovich,united-states-of-america,,Oakland,
DED,belgium,1952-09-19,,Bernard,Bernard de Dryver,MALE,bernard-de-dryver,De Dryver,Bernard de Dryver,belgium,,Brussels,
KAR,india,1977-01-14,,Narain,Kumar Ram Narain Karthikeyan,MALE,narain-karthikeyan,Karthikeyan,Narain Karthikeyan,india,,Coimbatore,
FOR,united-states-of-america,1916-06-15,1983-08-21,Gene,Gene Force,MALE,gene-force,Force,Gene Force,united-states-of-america,,New Madison,
ADO,germany,1921-11-05,2012-01-24,Kurt,Kurt Adolff,MALE,kurt-adolff,Adolff,Kurt Adolff,germany,,Stuttgart,
BOU,france,1969-12-27,,Jean-Christophe,Jean-Christophe Boullion,MALE,jean-christophe-boullion,Boullion,Jean-Christophe Boullion,france,,Saint-Brieuc,
DAY,united-states-of-america,1924-08-28,1966-04-04,Jimmy,Jimmy Daywalt,MALE,jimmy-daywalt,Daywalt,Jimmy Daywalt,united-states-of-america,,Wabash,
VIL,canada,1953-11-04,,Jacques,Jacques-Joseph Villeneuve,MALE,jacques-villeneuve-sr,"Villeneuve, Sr.","Jacques Villeneuve, Sr.",canada,,Berthierville,
GLO,germany,1909-01-13,1993-12-18,Helm,Helm Glöckler,MALE,helm-glockler,Glöckler,Helm Glöckler,germany,,Frankfurt am Main,
SHW,israel,1999-09-16,,Robert,Robert Mikhailovich Shwartzman,MALE,robert-shwartzman,Shwartzman,Robert Shwartzman,russia,,Tel Aviv,israel
TAR,italy,1932-05-05,2004-02-15,Luigi,Luigi Taramazzo,MALE,luigi-taramazzo,Taramazzo,Luigi Taramazzo,italy,,Ceva,
TAM,france,1949-06-25,2022-12-04,Patrick,Patrick Daniel Tambay,MALE,patrick-tambay,Tambay,Patrick Tambay,france,,Paris,
FON,united-states-of-america,1917-06-22,1958-06-14,George,George Fonder,MALE,george-fonder,Fonder,George Fonder,united-states-of-america,,Elmhurst,
JAB,france,1942-10-01,2023-02-02,Jean-Pierre,Jean-Pierre Alain Jabouille,MALE,jean-pierre-jabouille,Jabouille,Jean-Pierre Jabouille,france,,Paris,
JOH,south-africa,1937-01-30,2022-03-03,Bruce,William Bruce Gordon Johnstone,MALE,bruce-johnstone,Johnstone,Bruce Johnstone,south-africa,,Durban,
WAR,united-states-of-america,1921-01-10,2004-07-05,Rodger,Rodger M. Ward,MALE,rodger-ward,Ward,Rodger Ward,united-states-of-america,,Beloit,
AHR,germany,1940-04-19,,Kurt,Kurt Karl-Heinrich Ahrens,MALE,kurt-ahrens-jr,"Ahrens, Jr.","Kurt Ahrens, Jr.",germany,,Braunschweig,
BAL,france,1909-01-01,1984-08-11,Marcel,Marcel Lucien Balsa,MALE,marcel-balsa,Balsa,Marcel Balsa,france,,Creuse,
BOU,france,1979-02-28,,Sébastien,Sébastien Olivier Bourdais,MALE,sebastien-bourdais,Bourdais,Sébastien Bourdais,france,,Le Mans,
DEL,switzerland,1963-10-01,,Jean-Denis,Jean-Denis Délétraz,MALE,jean-denis-deletraz,Délétraz,Jean-Denis Délétraz,switzerland,,Geneva,
HAT,japan,1966-06-13,,Naoki,Naoki Hattori,MALE,naoki-hattori,Hattori,Naoki Hattori,japan,,Yokkaichi,
WIN,germany,1960-10-24,,Joachim,Joachim Winkelhock,MALE,joachim-winkelhock,Winkelhock,Joachim Winkelhock,germany,,Waiblingen,
NAN,italy,1959-07-07,,Alessandro,Alessandro Nannini,MALE,alessandro-nannini,Nannini,Alessandro Nannini,italy,,Siena,
SER,south-africa,1920-12-09,2006-06-04,Doug,Louis Douglas Serrurier,MALE,doug-serrurier,Serrurier,Doug Serrurier,south-africa,,Germiston,
REG,switzerland,1939-09-05,2006-12-15,Clay,Gianclaudio Giuseppe Regazzoni,MALE,clay-regazzoni,Regazzoni,Clay Regazzoni,switzerland,,Mendrisio,
PIR,italy,1933-03-26,2002-07-29,Renato,Renato Pirocchi,MALE,renato-pirocchi,Pirocchi,Renato Pirocchi,italy,,Notaresco,
PIC,france,1990-02-15,,Charles,Charles Pic,MALE,charles-pic,Pic,Charles Pic,france,,Montélimar,
STE,united-kingdom,1939-06-11,,Jackie,Sir John Young Stewart,MALE,jackie-stewart,Stewart,Jackie Stewart,united-kingdom,,Milton,
BRA,switzerland,1916-09-15,1985-05-10,Toni,Antonio Branca,MALE,toni-branca,Branca,Toni Branca,switzerland,,Sion,
BER,brazil,1978-10-19,,Enrique,Enrique Antônio Langue e Silvério de Bernoldi,MALE,enrique-bernoldi,Bernoldi,Enrique Bernoldi,brazil,,Curitiba,
IWA,japan,2001-09-22,,Ayumu,Ayumu Iwasa,MALE,ayumu-iwasa,Iwasa,Ayumu Iwasa,japan,,Moriguchi,
RAH,united-states-of-america,1953-01-10,,Bobby,Robert Woodward Rahal,MALE,bobby-rahal,Rahal,Bobby Rahal,united-states-of-america,,Medina,
LAU,belgium,1913-02-21,1997-02-06,Roger,Roger Laurent,MALE,roger-laurent,Laurent,Roger Laurent,belgium,,Liège,
VIL,italy,1909-05-16,1997-08-24,Luigi,Luigi Villoresi,MALE,luigi-villoresi,Villoresi,Luigi Villoresi,italy,,Milan,
SHA,ireland,1915-01-28,1999-05-01,Brian,Brian Newton Shawe-Taylor,MALE,brian-shawe-taylor,Shawe-Taylor,Brian Shawe-Taylor,united-kingdom,,Dublin,
CRA,united-kingdom,1948-02-13,2002-08-06,Jim,Jim Crawford,MALE,jim-crawford,Crawford,Jim Crawford,united-kingdom,,Dunfermline,
WUN,netherlands,1948-12-12,,Roelof,Roelof Wunderink,MALE,roelof-wunderink,Wunderink,Roelof Wunderink,netherlands,,Eindhoven,
GET,united-kingdom,1940-02-21,2011-12-05,Peter,Peter Kenneth Gethin,MALE,peter-gethin,Gethin,Peter Gethin,united-kingdom,,Ewell,
SCO,italy,1909-11-11,1976-02-14,Piero,Piero Scotti,MALE,piero-scotti,Scotti,Piero Scotti,italy,,Florence,
DEV,spain,1946-07-26,,Emilio,Emilio de Villota Ruíz,MALE,emilio-de-villota,De Villota,Emilio de Villota,spain,,Madrid,
BRY,united-states-of-america,1926-01-28,1960-06-19,Jimmy,James Ernest Bryan,MALE,jimmy-bryan,Bryan,Jimmy Bryan,united-states-of-america,,Phoenix,
NAZ,united-states-of-america,1921-10-02,1955-05-01,Mike,Mike Nazaruk,MALE,mike-nazaruk,Nazaruk,Mike Nazaruk,united-states-of-america,,Newark,
DEA,italy,1941-10-03,,Andrea,Andrea Lodovico de Adamich,MALE,andrea-de-adamich,De Adamich,Andrea de Adamich,italy,,Trieste,
MAC,brazil,1927-06-23,1957-07-14,Herbert,Herbert MacKay-Fraser,MALE,herbert-mackay-fraser,MacKay-Fraser,Herbert MacKay-Fraser,united-states-of-america,,Recife,
GUE,argentina,1953-08-31,,Miguel Ángel,Miguel Ángel Guerra,MALE,miguel-angel-guerra,Guerra,Miguel Ángel Guerra,argentina,,Buenos Aires,
CHI,united-kingdom,1991-04-21,,Max,Maximilian Alexander Chilton,MALE,max-chilton,Chilton,Max Chilton,united-kingdom,,Redhill,
PET,russia,1984-09-08,,Vitaly,Vitaly Aleksandrovich Petrov,MALE,vitaly-petrov,Petrov,Vitaly Petrov,russia,,Vyborg,
SIM,france,1920-01-05,2012-07-11,André,André Simon,MALE,andre-simon,Simon,André Simon,france,,Paris,
JOH,united-states-of-america,1919-02-10,1974-06-30,Eddie,Eddie Johnson,MALE,eddie-johnson,Johnson,Eddie Johnson,united-states-of-america,,Richmond,
DRU,brazil,2000-05-23,,Felipe,Felipe Drugovich Roncato,MALE,felipe-drugovich,Drugovich,Felipe Drugovich,brazil,,Maringá,
FRE,united-states-of-america,1925-03-25,2007-11-02,Don,Don Freeland,MALE,don-freeland,Freeland,Don Freeland,united-states-of-america,,Los Angeles,
BON,sweden,1930-01-31,1972-06-11,Jo,Joakim Bonnier,MALE,jo-bonnier,Bonnier,Jo Bonnier,sweden,,Stockholm,
PRI,italy,1923-04-15,1981-11-26,Ernesto,Ernesto Prinoth,MALE,ernesto-prinoth,Prinoth,Ernesto Prinoth,italy,,Urtijëi,
STU,germany,1951-01-01,,Hans-Joachim,Hans-Joachim Stuck,MALE,hans-joachim-stuck,Stuck,Hans-Joachim Stuck,germany,,Garmisch-Partenkirchen,
NIS,israel,1994-11-30,,Roy,Roy Nissany,MALE,roy-nissany,Nissany,Roy Nissany,israel,,Tel Aviv,
MOS,united-kingdom,1929-09-17,2020-04-12,Stirling,Sir Stirling Moss,MALE,stirling-moss,Moss,Stirling Moss,united-kingdom,,West Kensington,
CHE,united-states-of-america,1958-01-10,,Eddie,Edward McKay Cheever Jr.,MALE,eddie-cheever,Cheever,Eddie Cheever,united-states-of-america,,Phoenix,
SEN,brazil,1960-03-21,1994-05-01,Ayrton,Ayrton Senna da Silva,MALE,ayrton-senna,Senna,Ayrton Senna,brazil,,São Paulo,
GRI,united-states-of-america,1916-02-06,1996-01-23,Cliff,Cliff Griffith,MALE,cliff-griffith,Griffith,Cliff Griffith,united-states-of-america,,Nineveh,
JOH,united-kingdom,1912-03-22,1959-06-08,Leslie,Leslie George Johnson,MALE,leslie-johnson,Johnson,Leslie Johnson,united-kingdom,,Walthamstow,
NAS,italy,1968-02-24,,Emanuele,Emanuele Naspetti,MALE,emanuele-naspetti,Naspetti,Emanuele Naspetti,italy,,Ancona,
CRO,united-kingdom,1921-05-11,2002-01-07,Geoffrey,Geoffrey Crossley,MALE,geoffrey-crossley,Crossley,Geoffrey Crossley,united-kingdom,,Baslow,
ARM,united-states-of-america,1918-10-12,1992-11-28,Frank,Frank Armi,MALE,frank-armi,Armi,Frank Armi,united-states-of-america,,Portland,
SEI,germany,1937-10-18,2020-11-11,Günther,Günther Seiffert,MALE,gunther-seiffert,Seiffert,Günther Seiffert,germany,,Oldenburg,
YOO,malaysia,1976-07-20,,Alex,Alexander Charles Yoong Loong,MALE,alex-yoong,Yoong,Alex Yoong,malaysia,,Kuala Lumpur,
ROB,united-kingdom,1944-09-22,,Richard,Richard Robarts,MALE,richard-robarts,Robarts,Richard Robarts,united-kingdom,,Bicknacre,
MCR,new-zealand,1940-03-05,2021-08-04,Graham,Graham McRae,MALE,graham-mcrae,McRae,Graham McRae,new-zealand,,Wellington,
BAR,united-kingdom,1929-07-22,2015-02-04,John,John David Barber,MALE,john-barber,Barber,John Barber,united-kingdom,,Little Marlow,
DAM,brazil,1973-09-19,,Cristiano,Cristiano Monteiro da Matta,MALE,cristiano-da-matta,Da Matta,Cristiano da Matta,brazil,,Belo Horizonte,
BAR,germany,1917-01-26,1965-05-20,Edgar,Edgar Barth,MALE,edgar-barth,Barth,Edgar Barth,germany,,Herold,
BAG,italy,1934-12-25,1995-11-27,Giancarlo,Giancarlo Baghetti,MALE,giancarlo-baghetti,Baghetti,Giancarlo Baghetti,italy,,Milan,
VON,switzerland,1942-05-31,,Jo,Joseph Vonlanthen,MALE,jo-vonlanthen,Vonlanthen,Jo Vonlanthen,switzerland,,St. Ursen,
GHI,italy,1952-01-16,,Piercarlo,Piercarlo Ghinzani,MALE,piercarlo-ghinzani,Ghinzani,Piercarlo Ghinzani,italy,,Riviera d'Adda,
GRE,united-states-of-america,1919-09-30,1951-07-29,Cecil,Cecil Green,MALE,cecil-green,Green,Cecil Green,united-states-of-america,,Dallas,
CLA,united-kingdom,1916-08-11,1956-02-03,Johnny,Octave John Claes,MALE,johnny-claes,Claes,Johnny Claes,belgium,,Fulham,
UNS,united-states-of-america,1932-11-15,1959-05-17,Jerry,Jeremy Michael Unser Jr.,MALE,jerry-unser-jr,Unser Jr.,Jerry Unser Jr.,united-states-of-america,,Colorado Springs,
JAC,united-states-of-america,1910-07-25,1984-11-25,Jimmy,Jimmy Jackson,MALE,jimmy-jackson,Jackson,Jimmy Jackson,united-states-of-america,,Indianapolis,
BOT,south-africa,1930-01-16,2006-10-01,Luki,Lukas Botha,MALE,luki-botha,Botha,Luki Botha,south-africa,,Pretoria,
BRA,united-kingdom,1920-07-18,1982-08-08,Eric,Eric Brandon,MALE,eric-brandon,Brandon,Eric Brandon,united-kingdom,,East Ham,
GIO,italy,1993-12-14,,Antonio,Antonio Giovinazzi,MALE,antonio-giovinazzi,Giovinazzi,Antonio Giovinazzi,italy,99,Martina Franca,
SCH,france,1921-06-29,1960-05-13,Harry,Henry O'Reilly Schell,MALE,harry-schell,Schell,Harry Schell,united-states-of-america,,Paris,
AND,united-states-of-america,1920-06-15,1957-05-15,Keith,Keith Andrews,MALE,keith-andrews,Andrews,Keith Andrews,united-states-of-america,,Denver,
BER,italy,1964-09-19,,Enrico,Enrico Bertaggia,MALE,enrico-bertaggia,Bertaggia,Enrico Bertaggia,italy,,Noale,
WIE,netherlands,1938-05-28,2020-06-10,Egbert,Egbert Wietzes,MALE,eppie-wietzes,Wietzes,Eppie Wietzes,canada,,Assen,
MIL,united-states-of-america,1902-07-19,1953-05-15,Chet,Chet Miller,MALE,chet-miller,Miller,Chet Miller,united-states-of-america,,Detroit,
PIA,argentina,1912-10-21,1990-07-25,Alfredo,Alfredo Pián,MALE,alfredo-pian,Pián,Alfredo Pián,argentina,,Las Rosas,
PAR,united-states-of-america,1918-07-04,1984-09-08,Johnnie,Johnnie Woodrow Parsons,MALE,johnnie-parsons,Parsons,Johnnie Parsons,united-states-of-america,,Los Angeles,
GRO,switzerland,1986-04-17,,Romain,Romain Grosjean,MALE,romain-grosjean,Grosjean,Romain Grosjean,france,8,Geneva,switzerland
COL,italy,1946-02-23,2024-01-07,Alberto,Alberto Colombo,MALE,alberto-colombo,Colombo,Alberto Colombo,italy,,Varedo,
KRA,germany,1907-03-30,1987-04-11,Rudolf,Rudolf Krause,MALE,rudolf-krause,Krause,Rudolf Krause,germany,,Reichenbach im Vogtland,
TAK,japan,1940-01-29,2022-03-16,Kunimitsu,Kunimitsu Takahashi,MALE,kunimitsu-takahashi,Takahashi,Kunimitsu Takahashi,japan,,Tokyo,
KEL,ireland,1913-03-13,1993-11-28,Joe,Joe Kelly,MALE,joe-kelly,Kelly,Joe Kelly,ireland,,Dublin,
OSU,united-kingdom,2005-02-06,,Zak,Zak O'Sullivan,MALE,zak-osullivan,O'Sullivan,Zak O'Sullivan,united-kingdom,,Cheltenham,
PER,australia,1950-03-18,,Larry,Larry Clifton Perkins,MALE,larry-perkins,Perkins,Larry Perkins,australia,,Murrayville,
WIR,sweden,1980-04-04,,Björn,Björn Karl Michael Wirdheim,MALE,bjorn-wirdheim,Wirdheim,Björn Wirdheim,sweden,,Växjö,
SOS,italy,1966-10-09,,Vincenzo,Vincenzo Sospiri,MALE,vincenzo-sospiri,Sospiri,Vincenzo Sospiri,italy,,Forlì,
O'B,united-states-of-america,1908-04-11,1987-02-10,Robert,Robert O'Brien,MALE,robert-obrien,O'Brien,Robert O'Brien,united-states-of-america,,Lyndhurst,
WIL,united-kingdom,1931-04-14,2001-01-14,Vic,Vic Wilson,MALE,vic-wilson,Wilson,Vic Wilson,united-kingdom,,Drypool,
BRA,united-states-of-america,1920-06-02,1966-11-12,Don,Donald L. Branson,MALE,don-branson,Branson,Don Branson,united-states-of-america,,Rantoul,
GOL,united-states-of-america,1925-10-02,,Paul,Paul Goldsmith,MALE,paul-goldsmith,Goldsmith,Paul Goldsmith,united-states-of-america,,Parkersburg,
OWE,united-kingdom,1915-03-23,2002-04-27,Arthur,Arthur Owen,MALE,arthur-owen,Owen,Arthur Owen,united-kingdom,,London,
SPE,united-states-of-america,1983-01-24,,Scott,Scott Andrew Speed,MALE,scott-speed,Speed,Scott Speed,united-states-of-america,,Manteca,
KLE,germany,1919-10-28,2009-03-24,Hans,Hans Klenk,MALE,hans-klenk,Klenk,Hans Klenk,germany,,Künzelsau,
THO,united-kingdom,1919-11-04,2015-08-22,Eric,Eric Thompson,MALE,eric-thompson,Thompson,Eric Thompson,united-kingdom,,Ditton Hill,
ENG,ireland,1976-09-11,,Tomáš,Tomáš Enge,MALE,tomas-enge,Enge,Tomáš Enge,czech-republic,,Liberec,
NUC,united-kingdom,1929-06-26,2000-06-29,Rodney,Rodney Nuckey,MALE,rodney-nuckey,Nuckey,Rodney Nuckey,united-kingdom,,Wood Green,
DON,united-kingdom,1964-03-26,,Martin,Hugh Peter Martin Donnelly,MALE,martin-donnelly,Donnelly,Martin Donnelly,united-kingdom,,Belfast,
CAP,italy,1963-05-24,,Ivan,Ivan Franco Capelli,MALE,ivan-capelli,Capelli,Ivan Capelli,italy,,Milan,
LON,colombia,1949-08-08,2009-07-18,Ricardo,Ricardo Londoño-Bridge,MALE,ricardo-londono,Londoño,Ricardo Londoño,colombia,,Medellín,
FIT,brazil,1946-12-12,,Emerson,Emerson Fittipaldi,MALE,emerson-fittipaldi,Fittipaldi,Emerson Fittipaldi,brazil,,São Paulo,
ICK,belgium,1945-01-01,,Jacky,Jacques Bernard Ickx,MALE,jacky-ickx,Ickx,Jacky Ickx,belgium,,Brussels,
DUM,united-kingdom,1958-04-26,2021-03-22,Johnny,John Colum Crichton-Stuart,MALE,johnny-dumfries,Dumfries,Johnny Dumfries,united-kingdom,,Rothesay,
HOF,brazil,1953-02-28,,Ingo,Ingo Hoffmann,MALE,ingo-hoffmann,Hoffmann,Ingo Hoffmann,brazil,,São Paulo,
VIS,venezuela,1985-03-19,,Ernesto,Ernesto José Viso Lossada,MALE,ernesto-viso,Viso,Ernesto Viso,venezuela,,Caracas,
ERI,sweden,1990-09-02,,Marcus,Marcus Ericsson,MALE,marcus-ericsson,Ericsson,Marcus Ericsson,sweden,,Kumla,
KOB,japan,1986-09-13,,Kamui,Kamui Kobayashi,MALE,kamui-kobayashi,Kobayashi,Kamui Kobayashi,japan,,Amagasaki,
DAL,ireland,1953-03-11,,Derek,Derek Daly,MALE,derek-daly,Daly,Derek Daly,ireland,,Ballinteer,
THO,united-states-of-america,1922-04-09,1960-09-24,Johnny,Johnny Thomson,MALE,johnny-thomson,Thomson,Johnny Thomson,united-states-of-america,,Lowell,
TES,france,1926-04-13,2005-09-24,André,André Testut,MALE,andre-testut,Testut,André Testut,monaco,,Lyon,
NEL,denmark,1944-04-19,,Jac,Jacob Nellemann,MALE,jac-nellemann,Nellemann,Jac Nellemann,denmark,,Copenhagen,
HOL,united-states-of-america,1920-09-04,1995-03-01,Jackie,Jackie Holmes,MALE,jackie-holmes,Holmes,Jackie Holmes,united-states-of-america,,Indianapolis,
HAS,japan,1945-11-13,,Masahiro,Masahiro Hasemi,MALE,masahiro-hasemi,Hasemi,Masahiro Hasemi,japan,,Tokyo,
BOE,brazil,1957-12-04,,Raul,Raul de Mesquita Boesel,MALE,raul-boesel,Boesel,Raul Boesel,brazil,,Curitiba,
HEL,united-states-of-america,1915-09-14,1951-11-11,Mack,Ronald Hellings,MALE,mack-hellings,Hellings,Mack Hellings,united-states-of-america,,Fort Dodge,
FOR,switzerland,1958-09-22,,Franco,Franco Forini,MALE,franco-forini,Forini,Franco Forini,switzerland,,Muralto,
LEO,italy,1953-05-24,,Lamberto,Lamberto Leoni,MALE,lamberto-leoni,Leoni,Lamberto Leoni,italy,,Argenta,
ROS,sweden,1948-12-06,,Keke,Keijo Erik Rosberg,MALE,keke-rosberg,Rosberg,Keke Rosberg,finland,,Solna,
GEL,indonesia,1996-11-01,,Sean,Muhammad Sean Ricardo Gelael,MALE,sean-gelael,Gelael,Sean Gelael,indonesia,,Jakarta,
BUR,united-kingdom,1930-07-06,2012-05-19,Ian,Ian Burgess,MALE,ian-burgess,Burgess,Ian Burgess,united-kingdom,,London,
OWA,mexico,1999-05-06,,Patricio,Patricio O'Ward Junco,MALE,patricio-oward,O'Ward,Patricio O'Ward,mexico,,Monterrey,
CHA,france,1907-04-12,1983-12-28,Eugène,Marius Eugène Chaboud,MALE,eugene-chaboud,Chaboud,Eugène Chaboud,france,,Lyon,
MAS,brazil,1981-04-25,,Felipe,Felipe Massa,MALE,felipe-massa,Massa,Felipe Massa,brazil,19,São Paulo,
MAG,denmark,1973-07-04,,Jan,Jan Ellegaard Magnussen,MALE,jan-magnussen,Magnussen,Jan Magnussen,denmark,,Roskilde,
DEF,italy,1926-11-11,2016-01-08,Maria Teresa,Maria Teresa de Filippis,FEMALE,maria-teresa-de-filippis,De Filippis,Maria Teresa de Filippis,italy,,Naples,
SUL,united-states-of-america,1950-03-09,,Danny,Daniel John Sullivan III,MALE,danny-sullivan,Sullivan,Danny Sullivan,united-states-of-america,,Louisville,
GRI,france,1905-07-25,1977-12-07,Georges,Auguste Georges Paul Grignard,MALE,georges-grignard,Grignard,Georges Grignard,france,,Villeneuve-Saint-Georges,
HOS,japan,1947-07-01,,Kazuyoshi,Kazuyoshi Hoshino,MALE,kazuyoshi-hoshino,Hoshino,Kazuyoshi Hoshino,japan,,Shizuoka,
BIR,thailand,1914-07-15,1985-12-23,Birabongse,Prince Birabongse Bhanudej Bhanubandh,MALE,birabongse-bhanudej,Bhanudej,Birabongse Bhanudej,thailand,,Grand Palace,
COL,united-kingdom,1931-11-06,1958-08-03,Peter,Peter John Collins,MALE,peter-collins,Collins,Peter Collins,united-kingdom,,Kidderminster,
BIR,argentina,1924-01-07,1966-03-09,Pablo,Pablo Birger,MALE,pablo-birger,Birger,Pablo Birger,argentina,,Buenos Aires,
CAM,united-kingdom,1930-01-21,2020-03-24,John,Michael John Churchill Campbell-Jones,MALE,john-campbell-jones,Campbell-Jones,John Campbell-Jones,united-kingdom,,Leatherhead,
BUC,argentina,1920-09-04,2011-01-12,Clemar,Clemar Bucci,MALE,clemar-bucci,Bucci,Clemar Bucci,argentina,,Zenón Pereyra,
HAW,australia,1937-10-12,1969-05-26,Paul,Robert Paul Hawkins,MALE,paul-hawkins,Hawkins,Paul Hawkins,australia,,Richmond,
GER,italy,1928-08-10,2013-04-17,Gerino,Gerino Gerini,MALE,gerino-gerini,Gerini,Gerino Gerini,italy,,Rome,
LOV,zimbabwe,1924-12-07,2005-04-25,John,John Maxwell Lineham Love,MALE,john-love,Love,John Love,zimbabwe,,Bulawayo,
KRA,germany,1911-12-04,1995-04-26,Willi,Willi Krakau,MALE,willi-krakau,Krakau,Willi Krakau,germany,,Felgeleben,
STE,united-kingdom,1929-07-15,,Ian,Ian Macpherson M. Stewart,MALE,ian-stewart,Stewart,Ian Stewart,united-kingdom,,Edinburgh,
EVA,united-kingdom,1947-06-11,,Bob,Robert Evans,MALE,bob-evans,Evans,Bob Evans,united-kingdom,,Waddington,
CAR,italy,1921-03-06,1957-05-30,Piero,Piero Carini,MALE,piero-carini,Carini,Piero Carini,italy,,Genoa,
CRE,spain,1924-10-28,1996-02-19,Antonio,Antonio Creus Rubín de Celis,MALE,antonio-creus,Creus,Antonio Creus,spain,,Madrid,
LEI,switzerland,1989-04-17,,Fabio,Fabio Leimer,MALE,fabio-leimer,Leimer,Fabio Leimer,switzerland,,Rothrist,
HAM,united-kingdom,1985-01-07,,Lewis,Lewis Carl Davidson Hamilton,MALE,lewis-hamilton,Hamilton,Lewis Hamilton,united-kingdom,44,Stevenage,
CAN,united-states-of-america,1908-01-31,1996-01-22,William,William Cantrell,MALE,bill-cantrell,Cantrell,Bill Cantrell,united-states-of-america,,West Point,
CHI,italy,1964-05-06,,Andrea,Andrea Chiesa,MALE,andrea-chiesa,Chiesa,Andrea Chiesa,switzerland,,Milan,
REB,mexico,1956-02-05,,Héctor,Héctor Alonso Rebaque,MALE,hector-rebaque,Rebaque,Héctor Rebaque,mexico,,Mexico City,
LOM,italy,1941-03-26,1992-03-03,Lella,Maria Grazia Lombardi,FEMALE,lella-lombardi,Lombardi,Lella Lombardi,italy,,Frugarolo,
ALL,united-kingdom,1932-02-08,2005-04-07,Cliff,Henry Clifford Allison,MALE,cliff-allison,Allison,Cliff Allison,united-kingdom,,Brough,
ADE,united-states-of-america,1913-12-15,1982-11-25,Walt,Walt Ader,MALE,walt-ader,Ader,Walt Ader,united-states-of-america,,Long Valley,
KAR,germany,1917-03-06,2009-01-28,Oswald,Oswald Karch,MALE,oswald-karch,Karch,Oswald Karch,germany,,Ludwigshafen,
JAN,switzerland,1983-12-08,,Neel,Neel Jani,MALE,neel-jani,Jani,Neel Jani,switzerland,,Rorschach,
GAL,italy,1940-10-02,2019-10-12,Nanni,Giovanni Giuseppe Gilberto Galli,MALE,nanni-galli,Galli,Nanni Galli,italy,,Bologna,
NIS,hungary,1963-07-29,,Chanoch,Chanoch Nissany,MALE,chanoch-nissany,Nissany,Chanoch Nissany,israel,,Budapest,
PIR,italy,1962-01-12,,Emanuele,Emanuele Pirro,MALE,emanuele-pirro,Pirro,Emanuele Pirro,italy,,Rome,
BUR,brazil,1975-03-05,,Luciano,Luciano Pucci Burti,MALE,luciano-burti,Burti,Luciano Burti,brazil,,São Paulo,
DAL,france,1961-07-28,,Yannick,Yannick Dalmas,MALE,yannick-dalmas,Dalmas,Yannick Dalmas,france,,Le Beausset,
SCH,argentina,1923-06-28,2012-02-10,Adolfo,Adolfo Julio Carlos Schwelm Cruz,MALE,adolfo-schwelm-cruz,Schwelm Cruz,Adolfo Schwelm Cruz,argentina,,Buenos Aires,
CHD,india,1984-01-19,,Karun,Karun Chandhok,MALE,karun-chandhok,Chandhok,Karun Chandhok,india,,Madras,
WHI,united-kingdom,1909-04-01,1957-07-14,Bill,Bill Whitehouse,MALE,bill-whitehouse,Whitehouse,Bill Whitehouse,united-kingdom,,London,
FLA,united-states-of-america,1926-01-06,2002-04-09,Pat,"George Francis Flaherty, Jr.",MALE,pat-flaherty,Flaherty,Pat Flaherty,united-states-of-america,,Glendale,
SER,france,1942-01-18,2006-05-29,Johnny,Georges-Francis Servoz-Gavin,MALE,johnny-servoz-gavin,Servoz-Gavin,Johnny Servoz-Gavin,france,,Grenoble,
FAG,italy,1898-06-09,1952-06-20,Luigi,Luigi Cristiano Fagioli,MALE,luigi-fagioli,Fagioli,Luigi Fagioli,italy,,Osimo,
MAG,denmark,1992-10-05,,Kevin,Kevin Jan Magnussen,MALE,kevin-magnussen,Magnussen,Kevin Magnussen,denmark,20,Roskilde,
PER,mexico,1990-01-26,,Sergio,Sergio Pérez Mendoza,MALE,sergio-perez,Pérez,Sergio Pérez,mexico,11,Guadalajara,
MUN,italy,1928-04-02,2009-11-22,Gino,Gino Munaron,MALE,gino-munaron,Munaron,Gino Munaron,italy,,Turin,
PAC,brazil,1944-10-06,1977-03-18,Carlos,José Carlos Pace,MALE,carlos-pace,Pace,Carlos Pace,brazil,,São Paulo,
BEC,germany,1921-12-21,2011-05-03,Karl-Günther,Karl-Günther Bechem,MALE,karl-gunther-bechem,Bechem,Karl-Günther Bechem,germany,,Hagen,
HAH,germany,1935-03-28,2019-04-24,Hubert,Hubert Hahne,MALE,hubert-hahne,Hahne,Hubert Hahne,germany,,Moers,
POO,united-kingdom,1916-08-19,1987-02-12,Dennis,Roger Dennistoun Poore,MALE,dennis-poore,Poore,Dennis Poore,united-kingdom,,London,
HEE,germany,1922-02-13,1996-08-13,Willi,Willi Heeks,MALE,willi-heeks,Heeks,Willi Heeks,germany,,Moorlage,
