id,name
villiger-shadow,Villiger Shadow
benson-hedges-jordan-peugeot,Benson & Hedges Jordan Peugeot
dunn-engineering,Dunn Engineering
hesketh-racing,Hesketh Racing
spirit-enterprises-ltd,Spirit Enterprises Ltd
andrea-moda-formula,Andrea Moda Formula
eurobrun-racing,EuroBrun Racing
gilby-engineering,Gilby Engineering
john-dalton,John Dalton
rothmans-williams-renault,Rothmans Williams Renault
roy-winkelmann-racing,Roy Winkelmann Racing
osca-automobili,OSCA Automobili
owen-racing-organisation,Owen Racing Organisation
fs-properties,F&S Properties
miklos-sperling,Miklos Sperling
etihad-aldar-spyker-f1-team,Etihad Aldar Spyker F1 Team
jim-hall,Jim Hall
team-haas-usa-ltd,Team Haas USA Ltd
manor-racing-mrt,Manor Racing MRT
brian-mcguire,Brian McGuire
bernhard-nacke,Bernhard Nacke
william-ansted,William Ansted
lotus-racing,Lotus Racing
momo-corporation,Momo Corporation
co-prather,C.O. Prather
skol-fittipaldi-team,Skol Fittipaldi Team
sahara-force-india-f1-team,Sahara Force India F1 Team
coloni,Coloni
footwork-porsche,Footwork Porsche
alpine-f1-team,Alpine F1 Team
ecurie-belge,Ecurie Belge
marussia-virgin-racing,Marussia Virgin Racing
camoradi-usa,Camoradi USA
giorgio-scarlatti,Giorgio Scarlatti
jack-brabham,Jack Brabham
team-merzario,Team Merzario
hap-sharp,Hap Sharp
ga-vandervell,G.A. Vandervell
bignotti-bowes-racing,Bignotti-Bowes Racing
darnval-connew-racing-team,Darnval Connew Racing Team
peter-salemi-nick-rini,Peter Salemi & Nick Rini
bessie-lee-paoli,Bessie Lee Paoli
candy-toleman-motorsport,Candy Toleman Motorsport
elf-team-tyrrell,Elf Team Tyrrell
jorge-daponte,Jorge Daponte
otelle-nucci,Otelle Nucci
orange-arrows,Orange Arrows
team-surtees,Team Surtees
fondmetal-minardi-team,Fondmetal Minardi Team
ram-williams-grand-prix-engineering,RAM/Williams Grand Prix Engineering
ecurie-evergreen,Ecurie Evergreen
lee-elkins,Lee Elkins
philip-fotheringham-parker,Philip Fotheringham-Parker
kelemata-osella,Kelémata Osella
benetton-formula,Benetton Formula
williams-racing,Williams Racing
autosport-team-wolfgang-seidel,Autosport Team Wolfgang Seidel
dean-van-lines,Dean Van Lines
ceramica-pagnossin-team-surtees,Ceramica Pagnossin Team Surtees
sportpesa-racing-point-f1-team,SportPesa Racing Point F1 Team
pioneer-auto-repair,Pioneer Auto Repair
norman-hall,Norman Hall
parmalat-racing-team,Parmalat Racing Team
john-willment-automobiles,John Willment Automobiles
dennis-taylor,Dennis Taylor
vodafone-mclaren-mercedes,Vodafone McLaren Mercedes
porsche-system-engineering,Porsche System Engineering
wolcott-memorial-racing-team,Wolcott Memorial Racing Team
ecurie-bonnier,Ecurie Bonnier
team-tissot-ensign-with-castrol,Team Tissot Ensign with Castrol
graham-whitehead,Graham Whitehead
erwin-wolfe,Erwin Wolfe
aston-martin-aramco-f1-team,Aston Martin Aramco F1 Team
benson-hedges-total-jordan-peugeot,Benson & Hedges Total Jordan Peugeot
red-bull-racing,Red Bull Racing
fred-gerhardt,Fred Gerhardt
ernest-l-ruiz,Ernest L. Ruiz
equipe-nationale-belge,Equipe Nationale Belge
nasif-estefano,Nasif Estéfano
caltex-racing-team,Caltex Racing Team
piaa-tyrrell,PIAA Tyrrell
ernie-pieterse,Ernie Pieterse
ahm-bryde,AHM Bryde
scuderia-centro-sud,Scuderia Centro Sud
marlboro-team-mclaren,Marlboro Team McLaren
team-rebaque,Team Rebaque
murrell-belanger,Murrell Belanger
dick-gibson,Dick Gibson
lec-refrigeration-racing,LEC Refrigeration Racing
ja-pearce-engineering-ltd,J.A. Pearce Engineering Ltd
gerhard-mitter,Gerhard Mitter
ken-downing,Ken Downing
bayerische-motoren-werke-ag,Bayerische Motoren Werke AG
lawson-organisation,Lawson Organisation
sasol-jordan,Sasol Jordan
olivetti-racing,Olivetti Racing
paul-pietsch,Paul Pietsch
marlboro-team-alfa-romeo,Marlboro Team Alfa Romeo
tim-parnell,Tim Parnell
tecno-racing-team,Tecno Racing Team
parks-offenhauser,Parks Offenhauser
benetton-team-alfa-romeo,Benetton Team Alfa Romeo
peter-hirt,Peter Hirt
scuderia-jolly-club,Scuderia Jolly Club
jaguar-racing-f1-team,Jaguar Racing F1 Team
bwt-alpine-f1-team,BWT Alpine F1 Team
harry-dunn,Harry Dunn
john-l-mcdaniel,John L. McDaniel
olympus-cameras-wolf-racing,Olympus Cameras Wolf Racing
williams-grand-prix-engineering,Williams Grand Prix Engineering
scuderia-lancia,Scuderia Lancia
dalton-amon-international,Dalton-Amon International
hsbc-malaysia-stewart-ford,HSBC Malaysia Stewart Ford
alan-brown-equipe,Alan Brown Equipe
garvey-team-lotus,Garvey Team Lotus
hans-stuck,Hans Stuck
larrousse-f1,Larrousse F1
camel-benetton-ford,Camel Benetton Ford
george-bignotti,George Bignotti
temple-buell,Temple Buell
haas-f1-team,Haas F1 Team
fadely-anderson,Fadely-Anderson
red-bull-sauber-petronas,Red Bull Sauber Petronas
leonard-a-faas,Leonard A. Faas
roger-wolcott,Roger Wolcott
marlboro-mclaren,Marlboro McLaren
interscope-shadow-racing,Interscope Shadow Racing
north-american-racing-team,North American Racing Team
rob-walker-jack-durlacher-racing-team,Rob Walker/Jack Durlacher Racing Team
rhh-parnell,R.H.H. Parnell
kurt-kuhnke,Kurt Kuhnke
ecurie-nationale-suisse,Ecurie Nationale Suisse
cars-inc,Cars Inc.
moneytron-onyx-formula-one,Moneytron Onyx Formula One
karl-hall,Karl Hall
renault-sport-formula-one-team,Renault Sport Formula One Team
pete-salemi,Pete Salemi
escuderia-bandeirantes,Escuderia Bandeirantes
arrows-racing-team,Arrows Racing Team
leyton-house-march-racing-team,Leyton House March Racing Team
ae-dean,A.E. Dean
honda-rd-company,Honda R&D Company
theodore-racing,Theodore Racing
tyrrell-yamaha,Tyrrell Yamaha
alberto-uria,Alberto Uria
auto-motor-und-sport-team-surtees,Auto Motor und Sport Team Surtees
fred-armbruster,Fred Armbruster
gus-hutchison,Gus Hutchison
deck-manufacturing,Deck Manufacturing
robin-montgomerie-charrington,Robin Montgomerie-Charrington
ed-stone,Ed Stone
force-india-f1-team,Force India F1 Team
mild-seven-benetton-playlife,Mild Seven Benetton Playlife
toni-ulmen,Toni Ulmen
mrd-international-brabham,MRD International Brabham
shell-arnold-team,Shell Arnold Team
automobili-turismo-e-sport,Automobili Turismo e Sport
pete-lovely-volkswagen-inc,Pete Lovely Volkswagen Inc.
anglo-american-equipe,Anglo-American Equipe
champcarr-inc,Champcarr Inc.
ottorino-volonterio,Ottorino Volonterio
louis-chiron,Louis Chiron
norman-c-demler,Norman C. Demler
william-p-forbes,William P. Forbes
